特征,VIF值,是否存在共线性问题
人口密度 (千人/km²),1.0191503577840233,False
休闲POI数量 (个),3.2553821076286966,False
办公POI数量 (个),1.69755222470861,False
公共服务POI数量 (个),3.917770858362862,False
交通设施POI数量 (个),4.1078037488197285,False
居住POI数量 (个),1.847963403725109,False
道路密度 (KM/KM²),1.0850661444996124,False
地铁站点数量 (个),1.134143130331263,False
公交站点数量 (个),1.6193619021611487,False
标准化土地混合熵,1.7413697863795152,False
到市中心距离 (km),2.9772644794403496,False
到最近公交距离 (km),2.1861900380661443,False
